<?xml version="1.0" encoding="UTF-8" ?>
<!DOCTYPE mapper PUBLIC "-//mybatis.org//DTD Mapper 3.0//EN" "http://mybatis.org/dtd/mybatis-3-mapper.dtd" >
<mapper namespace="com.system.dao.RoleMapper" >
  <resultMap id="BaseResultMap" type="com.system.pojo.Role" >
    <constructor >
      <idArg column="ROLE_ID" jdbcType="INTEGER" javaType="java.lang.Integer" />
      <arg column="ROLE_NAME" jdbcType="VARCHAR" javaType="java.lang.String" />
      <arg column="PERMISSIONS" jdbcType="VARCHAR" javaType="java.lang.String" />
    </constructor>
  </resultMap>
  <sql id="Base_Column_List" >
    ROLE_ID, ROLE_NAME, PERMISSIONS
  </sql>
  <select id="selectByPrimaryKey" resultMap="BaseResultMap" parameterType="java.lang.Integer" >
    select 
    <include refid="Base_Column_List" />
    from role
    where ROLE_ID = #{roleId,jdbcType=INTEGER}
  </select>
  <delete id="deleteByPrimaryKey" parameterType="java.lang.Integer" >
    delete from role
    where ROLE_ID = #{roleId,jdbcType=INTEGER}
  </delete>
  <insert id="insert" parameterType="com.system.pojo.Role" >
    insert into role (ROLE_ID, ROLE_NAME, PERMISSIONS
      )
    values (#{roleId,jdbcType=INTEGER}, #{roleName,jdbcType=VARCHAR}, #{permissions,jdbcType=VARCHAR}
      )
  </insert>
  <insert id="insertSelective" parameterType="com.system.pojo.Role" >
    insert into role
    <trim prefix="(" suffix=")" suffixOverrides="," >
      <if test="roleId != null" >
        ROLE_ID,
      </if>
      <if test="roleName != null" >
        ROLE_NAME,
      </if>
      <if test="permissions != null" >
        PERMISSIONS,
      </if>
    </trim>
    <trim prefix="values (" suffix=")" suffixOverrides="," >
      <if test="roleId != null" >
        #{roleId,jdbcType=INTEGER},
      </if>
      <if test="roleName != null" >
        #{roleName,jdbcType=VARCHAR},
      </if>
      <if test="permissions != null" >
        #{permissions,jdbcType=VARCHAR},
      </if>
    </trim>
  </insert>
  <update id="updateByPrimaryKeySelective" parameterType="com.system.pojo.Role" >
    update role
    <set >
      <if test="roleName != null" >
        ROLE_NAME = #{roleName,jdbcType=VARCHAR},
      </if>
      <if test="permissions != null" >
        PERMISSIONS = #{permissions,jdbcType=VARCHAR},
      </if>
    </set>
    where ROLE_ID = #{roleId,jdbcType=INTEGER}
  </update>
  <update id="updateByPrimaryKey" parameterType="com.system.pojo.Role" >
    update role
    set ROLE_NAME = #{roleName,jdbcType=VARCHAR},
      PERMISSIONS = #{permissions,jdbcType=VARCHAR}
    where ROLE_ID = #{roleId,jdbcType=INTEGER}
  </update>
</mapper>