<?xml version="1.0" encoding="UTF-8"?>
<beans xmlns="http://www.springframework.org/schema/beans"
       xmlns:xsi="http://www.w3.org/2001/XMLSchema-instance"
       xmlns:context="http://www.springframework.org/schema/context"
       xmlns:aop="http://www.springframework.org/schema/aop"
       xmlns:tx="http://www.springframework.org/schema/tx"
       xsi:schemaLocation="http://www.springframework.org/schema/beans
        http://www.springframework.org/schema/beans/spring-beans.xsd
        http://www.springframework.org/schema/context
        http://www.springframework.org/schema/context/spring-context.xsd
        http://www.springframework.org/schema/aop
        http://www.springframework.org/schema/aop/spring-aop.xsd
        http://www.springframework.org/schema/tx
        http://www.springframework.org/schema/tx/spring-tx.xsd">
    <!-- 配置整合mybatis过程 -->
    <!-- 1:配置数据库相关参数 properties的属性:${url}-->
    <context:property-placeholder location="classpath:mysql.properties"/>
    <!-- 2:数据库连接池 -->
    <bean id="dataSource" class="com.mchange.v2.c3p0.ComboPooledDataSource">
        <!-- 配置连接池属性 -->
        <property name="driverClass" value="${db.driverClassName}"></property>
        <property name="jdbcUrl" value="${db.url}"></property>
        <property name="user" value="${db.username}"></property>
        <property name="password" value="${db.password}"></property>

        <!-- c3p0连接池的私有属性 -->
        <property name="maxPoolSize" value="30"></property>
        <property name="minPoolSize" value="10"></property>
        <!-- 关闭连接后不自动commit -->
        <property name="autoCommitOnClose" value="false"></property>
        <!-- 获取连接超时时间 -->
        <property name="checkoutTimeout" value="1000"></property>
        <!-- 当获取连接失败重试次数 -->
        <property name="acquireRetryAttempts" value="2"></property>
    </bean>

    <!-- 约定大于配置 -->
    <!-- 3:配置sqlsessionfactory对象 -->
    <bean id="sqlSessionFactory" class="org.mybatis.spring.SqlSessionFactoryBean">
        <!-- 注入数据库连接池 -->
        <property name="dataSource" ref="dataSource"></property>
        <!-- 配置mybatis全局配置文件:mybatis-config.xml -->
        <property name="configLocation" value="classpath:mybatis-config.xml"></property>
        <!-- 扫描entity包 使用别名 com.sy.entity.User ->User -->
        <property name="typeAliasesPackage" value="com.system.pojo"></property>
        <!-- 扫描sql配置文件：mapping需要的xml文件 -->
        <property name="mapperLocations" value="classpath:mappers/*.xml"></property>
    </bean>

    <!-- 4：配置扫描Dao接口的包，动态实现Dao接口，注入到Spring容器中 -->
    <bean class="org.mybatis.spring.mapper.MapperScannerConfigurer">
        <!-- 注入sqlsessionfactory -->
        <property name="sqlSessionFactoryBeanName" value="sqlSessionFactory"></property>
        <!-- 给出需要扫描的Dao接口包 -->
        <property name="basePackage" value="com.system.dao"></property>
    </bean>
</beans>